2025-04-12T19:43:18.843771,Acesso autorizado ao General
2025-04-12T19:43:18.843809,Envio de mensagem criptografada
2025-04-12T19:43:18.843816,Execução de GENESIS
2025-04-12T19:43:18.843822,Execução de GENESIS
2025-04-12T19:43:18.843827,Execução de GENESIS
2025-04-11T19:43:18.843832,Execução de VALIDE
2025-04-11T19:43:18.843837,Execução de VALIDE
2025-04-10T19:43:18.843843,Diagnóstico de API: sucesso
2025-04-10T19:43:18.843853,Diagnóstico de API: erro
2025-04-09T19:43:18.843861,Execução de GENESIS
2025-04-09T19:43:18.843869,Execução de GENESIS
2025-04-09T19:43:18.843876,Execução de GENESIS
2025-04-08T19:43:18.843881,Execução de OURO
